{"cameraMode":{"drawMode":0,"name":"Shaded","section":"Shading Mode"},"sceneLighting":true,"audioPlay":false,"sceneViewState":{"m_AlwaysRefresh":false,"showFog":true,"showSkybox":true,"showFlares":true,"showImageEffects":true,"showParticleSystems":true,"showVisualEffectGraphs":true,"m_FxEnabled":true},"in2DMode":false,"pivot":{"x":5.583291053771973,"y":8.69979190826416,"z":10.59350299835205},"rotation":{"x":0.18467551469802857,"y":-0.05157121270895004,"z":0.009703611955046654,"w":0.9814037680625916},"size":0.20149347186088563,"orthographic":false}