{"cameraMode":{"drawMode":0,"name":"Shaded","section":"Shading Mode"},"sceneLighting":true,"audioPlay":false,"sceneViewState":{"m_AlwaysRefresh":false,"showFog":true,"showSkybox":true,"showFlares":true,"showImageEffects":true,"showParticleSystems":true,"showVisualEffectGraphs":true,"m_FxEnabled":true},"in2DMode":false,"pivot":{"x":362.0843811035156,"y":169.07179260253907,"z":-38.081626892089847},"rotation":{"x":0.1410059928894043,"y":-0.35239899158477785,"z":0.05380072817206383,"w":0.9236010313034058},"size":10.303787231445313,"orthographic":false}