{"cameraMode":{"drawMode":0,"name":"Shaded","section":"Shading Mode"},"sceneLighting":true,"audioPlay":false,"sceneViewState":{"m_AlwaysRefresh":false,"showFog":true,"showSkybox":true,"showFlares":true,"showImageEffects":true,"showParticleSystems":true,"showVisualEffectGraphs":true,"m_FxEnabled":true},"in2DMode":false,"pivot":{"x":349.9508056640625,"y":277.454345703125,"z":-2.2355880737304689},"rotation":{"x":0.017951998859643937,"y":-0.0719267949461937,"z":0.001299198716878891,"w":0.9972550868988037},"size":480.1236267089844,"orthographic":true}