{"cameraMode":{"drawMode":0,"name":"Shaded","section":"Shading Mode"},"sceneLighting":true,"audioPlay":false,"sceneViewState":{"m_AlwaysRefresh":false,"showFog":true,"showSkybox":true,"showFlares":true,"showImageEffects":true,"showParticleSystems":true,"showVisualEffectGraphs":true,"m_FxEnabled":true},"in2DMode":false,"pivot":{"x":4.4558610916137699,"y":1.313011884689331,"z":18.843162536621095},"rotation":{"x":0.07389820367097855,"y":-0.6127744913101196,"z":0.057706061750650409,"w":0.7846794128417969},"size":0.5449205636978149,"orthographic":false}