{"cameraMode":{"drawMode":0,"name":"Shaded","section":"Shading Mode"},"sceneLighting":true,"audioPlay":false,"sceneViewState":{"m_AlwaysRefresh":false,"showFog":true,"showSkybox":true,"showFlares":true,"showImageEffects":true,"showParticleSystems":true,"showVisualEffectGraphs":true,"m_FxEnabled":true},"in2DMode":false,"pivot":{"x":179.5408477783203,"y":38.920902252197269,"z":-23.7938232421875},"rotation":{"x":-0.026782603934407235,"y":0.12562130391597749,"z":0.0033926216419786216,"w":0.9917108416557312},"size":238.23312377929688,"orthographic":false}